{
  "step": "generic-error",
  "timestamp": "2026-01-18T10-20-55-997Z",
  "testContext": "generic_error_test",
  "failureData": {
    "type": "generic_error",
    "description": "Generic error to test detection capabilities",
    "expectedBehavior": "Generic error should be detected and flagged",
    "actualBehavior": "Captured generic error and stack trace"
  },
  "screenshot": "/home/lin/Documents/empire-ai/evidence/phase-v4/screenshots/generic-error-2026-01-18T10-20-55-997Z.png",
  "consoleLogs": [],
  "networkRequests": [],
  "errorLogs": [
    {
      "type": "console_error",
      "message": "Generic error detected: Something went wrong",
      "timestamp": 1768731654995,
      "stack": "Error\n    at console.error (<anonymous>:13:28)\n    at pptr:evaluate;PhaseV4ObservabilityCheck.testGenericErrorDetection%20(%2Fhome%2Flin%2FDocuments%2Fempire-ai%2Ftests%2Fbrowser%2Fv4_observability_check.js%3A474%3A24):7:29"
    }
  ],
  "failureEvidence": {
    "url": "http://localhost:5173/public/index.html",
    "title": "EmpireAI - Admin Control Plane",
    "visibleErrors": [
      {
        "text": "",
        "className": {},
        "id": ""
      }
    ],
    "errorElements": [],
    "toastNotifications": [],
    "modalDialogs": []
  }
}