{
  "phase": "V-4",
  "title": "Failure Observability & Audit Resilience",
  "timestamp": "2026-01-18T10:20:56.180Z",
  "status": "PASS",
  "evidence": {
    "screenshots": [
      "database-timeout-2026-01-18T10-20-25-154Z.png",
      "database-timeout-2026-01-18T10-20-51-149Z.png",
      "generic-error-2026-01-18T10-20-55-997Z.png",
      "network-failure-2026-01-18T10-20-19-211Z.png",
      "network-failure-2026-01-18T10-20-45-203Z.png",
      "policy-deny-2026-01-18T10-20-28-130Z.png",
      "policy-deny-2026-01-18T10-20-54-101Z.png"
    ],
    "logs": [],
    "failureReports": [
      "failure-database-timeout-2026-01-18T10-20-25-154Z.json",
      "failure-database-timeout-2026-01-18T10-20-51-149Z.json",
      "failure-generic-error-2026-01-18T10-20-55-997Z.json",
      "failure-network-failure-2026-01-18T10-20-19-211Z.json",
      "failure-network-failure-2026-01-18T10-20-45-203Z.json",
      "failure-policy-deny-2026-01-18T10-20-28-130Z.json",
      "failure-policy-deny-2026-01-18T10-20-54-101Z.json"
    ],
    "evidenceFiles": [
      "evidence-database-timeout-2026-01-18T10-20-25-154Z.json",
      "evidence-database-timeout-2026-01-18T10-20-51-149Z.json",
      "evidence-generic-error-2026-01-18T10-20-55-997Z.json",
      "evidence-network-failure-2026-01-18T10-20-19-211Z.json",
      "evidence-network-failure-2026-01-18T10-20-45-203Z.json",
      "evidence-policy-deny-2026-01-18T10-20-28-130Z.json",
      "evidence-policy-deny-2026-01-18T10-20-54-101Z.json"
    ]
  },
  "tests": {
    "network_failure": "PASS",
    "database_timeout": "PASS",
    "policy_deny": "PASS",
    "generic_error_detection": "PASS"
  },
  "summary": {
    "objective": "Prove failures are observable and correctly attributed",
    "scope": "Simulated Network Failure, Database Timeout, Policy Deny",
    "result": "All failure scenarios properly logged with correlation IDs"
  }
}