{
  "url": "http://localhost:5173/public/hive.html",
  "title": "ATLAS Empire - Hive Mind",
  "timestamp": "2026-01-18T09:46:35.945Z",
  "visibleText": "ATLAS EMPIRE\nAUTH REQUIRED\n\nIDENTITY PRECEDES CONTROL\n\nSession expired\n\nAUTHENTICATE WITH WEBAUTHN\n\nSECURITY NOTICE\n\n• WebAuthn hardware token required\n• Session bound to device fingerprint\n• All actions audited and attributed\n• No password fallback available\n\nBUILD: 4.1.9-STABLE // ENV: PROD",
  "elements": {
    "dashboard": "NOT_FOUND",
    "assetList": "NOT_FOUND",
    "metrics": "NOT_FOUND"
  }
}