{
  "url": "http://localhost:5173/login",
  "title": "EmpireAI - Admin Control Plane",
  "timestamp": "2026-01-20T15:45:30.214Z",
  "visibleText": "ATLAS\n\nEMPIRE HIVE CONTROL\n\nAUTH REQUIRED // IDENTITY BOUNDARY\nTHREAT LEVEL: GREEN\nWEBAUTHN PROTECTED // NO PASSWORD FALLBACK\nAUTHENTICATE WITH ATLAS\n\nSession expired\n\nATLAS Protection System v1.0\n\n© 2026 Empire AI. All access logged and monitored.",
  "elements": {
    "dashboard": "NOT_FOUND",
    "assetList": "NOT_FOUND",
    "metrics": "NOT_FOUND"
  }
}