{
  "url": "http://localhost:5173/public/hive.html",
  "title": "ATLAS Empire - Hive Mind",
  "timestamp": "2026-01-18T10:00:59.808Z",
  "visibleText": "HIVEMIND\nSYSTEM ONLINE // ATLAS CORE\nOPERATOR\nQUEEN_PROXY_01\nTOTAL NECTAR\n$842,287\nCOLLAPSE\nSURVEILLANCE\nHive Mind\nOVERSEER\nComb Health\nWORKER\nPheromones\nDRONE\nGenetic Memory\nARCHIVIST\nSignals\nSCOUT\nThreats\nSOLDIER\nQueen's Law\nROYAL GUARD\nHIVE INTEGRITY\n98.2%\nHIVE\n/\nCORE\n/\nMAP\n11:00:59 PM\nACTIVE SECTOR: 7G\nCELLS: 59\nSCALING: 8\nPHEROMONE LOG\n11:00:59 PM\nCOLONY: New cell constructed in Sector 4\n11:00:59 PM\nQUEEN: Allocating resources to scaling cells\n11:00:59 PM\nTHREAT: Foreign entity detected near perimeter\n11:00:59 PM\nHARVEST: Massive nectar inflow from Asset #882\n11:00:59 PM\nCYCLE: Winter protocol disengaged. Expansion active.\n11:00:59 PM\nDECAY: Pruning dead cells to conserve energy",
  "elements": {
    "dashboard": "NOT_FOUND",
    "assetList": "NOT_FOUND",
    "metrics": "NOT_FOUND"
  }
}