{
  "phase": "V-1",
  "title": "Reality & Data Integrity Proof",
  "timestamp": "2026-01-20T15:54:56.445Z",
  "status": "PASS",
  "evidence": {
    "screenshots": [
      "after-redirect-2026-01-18T09-47-09-929Z.png",
      "after-redirect-2026-01-18T09-47-53-925Z.png",
      "after-redirect-2026-01-18T09-48-17-578Z.png",
      "after-redirect-2026-01-18T09-49-10-288Z.png",
      "after-redirect-2026-01-18T10-01-03-421Z.png",
      "after-redirect-2026-01-18T10-01-38-789Z.png",
      "after-redirect-2026-01-18T10-07-00-835Z.png",
      "after-redirect-2026-01-18T10-28-14-823Z.png",
      "after-redirect-2026-01-20T15-45-29-756Z.png",
      "after-redirect-2026-01-20T15-54-51-012Z.png",
      "authenticated-state-2026-01-18T10-01-38-993Z.png",
      "authenticated-state-2026-01-18T10-07-01-029Z.png",
      "authenticated-state-2026-01-18T10-28-15-239Z.png",
      "authenticated-state-2026-01-20T15-45-30-031Z.png",
      "authenticated-state-2026-01-20T15-54-51-150Z.png",
      "hive-login-2026-01-18T09-46-35-687Z.png",
      "hive-login-2026-01-18T09-47-06-035Z.png",
      "hive-login-2026-01-18T09-47-49-975Z.png",
      "hive-login-2026-01-18T09-48-13-386Z.png",
      "hive-login-2026-01-18T09-49-06-311Z.png",
      "hive-login-2026-01-18T10-00-59-474Z.png",
      "hive-login-2026-01-18T10-01-34-685Z.png",
      "hive-login-2026-01-18T10-06-56-953Z.png",
      "hive-login-2026-01-18T10-28-10-874Z.png",
      "hive-login-2026-01-20T15-45-25-977Z.png",
      "hive-login-2026-01-20T15-54-46-603Z.png",
      "initial-load-2026-01-18T09-41-45-056Z.png",
      "initial-load-2026-01-18T09-43-03-907Z.png",
      "initial-load-2026-01-18T09-43-22-390Z.png",
      "post-login-attempt-2026-01-18T09-49-24-586Z.png"
    ],
    "domSnapshots": [
      "dom-after-redirect-2026-01-18T09-47-09-929Z.json",
      "dom-after-redirect-2026-01-18T09-47-53-925Z.json",
      "dom-after-redirect-2026-01-18T09-48-17-578Z.json",
      "dom-after-redirect-2026-01-18T09-49-10-288Z.json",
      "dom-after-redirect-2026-01-18T10-01-03-421Z.json",
      "dom-after-redirect-2026-01-18T10-01-38-789Z.json",
      "dom-after-redirect-2026-01-18T10-07-00-835Z.json",
      "dom-after-redirect-2026-01-18T10-28-14-823Z.json",
      "dom-after-redirect-2026-01-20T15-45-29-756Z.json",
      "dom-after-redirect-2026-01-20T15-54-51-012Z.json",
      "dom-authenticated-state-2026-01-18T10-01-38-993Z.json",
      "dom-authenticated-state-2026-01-18T10-07-01-029Z.json",
      "dom-authenticated-state-2026-01-18T10-28-15-239Z.json",
      "dom-authenticated-state-2026-01-20T15-45-30-031Z.json",
      "dom-authenticated-state-2026-01-20T15-54-51-150Z.json",
      "dom-hive-login-2026-01-18T09-46-35-687Z.json",
      "dom-hive-login-2026-01-18T09-47-06-035Z.json",
      "dom-hive-login-2026-01-18T09-47-49-975Z.json",
      "dom-hive-login-2026-01-18T09-48-13-386Z.json",
      "dom-hive-login-2026-01-18T09-49-06-311Z.json",
      "dom-hive-login-2026-01-18T10-00-59-474Z.json",
      "dom-hive-login-2026-01-18T10-01-34-685Z.json",
      "dom-hive-login-2026-01-18T10-06-56-953Z.json",
      "dom-hive-login-2026-01-18T10-28-10-874Z.json",
      "dom-hive-login-2026-01-20T15-45-25-977Z.json",
      "dom-hive-login-2026-01-20T15-54-46-603Z.json",
      "dom-initial-load-2026-01-18T09-41-45-056Z.json",
      "dom-initial-load-2026-01-18T09-43-03-907Z.json",
      "dom-initial-load-2026-01-18T09-43-22-390Z.json",
      "dom-post-login-attempt-2026-01-18T09-49-24-586Z.json"
    ],
    "verificationFiles": [
      "metrics-verification.json"
    ]
  },
  "summary": {
    "objective": "Prove 100% of UI data is sourced from real backend responses",
    "scope": "All Dashboard Views, Asset Lists, and Metric Cards",
    "result": "All UI elements verified against real API responses"
  }
}