{
  "execution_report": {
    "phase": "07",
    "phase_name": "Automated Onboarding, Support & Retention",
    "execution_start": "2026-01-11T16:54:48.341918",
    "components_implemented": [
      {
        "name": "CRM Database",
        "file": "src/crm_db.py",
        "description": "User profile and interaction history management",
        "status": "IMPLEMENTED",
        "features": [
          "User profiles with health scores",
          "Support interaction tracking",
          "Onboarding progress monitoring",
          "Retention intervention logging",
          "Health score history"
        ]
      },
      {
        "name": "Onboarding Flow",
        "file": "src/onboarding_flow.py",
        "description": "Dynamic onboarding sequences per product",
        "status": "IMPLEMENTED",
        "features": [
          "Product-specific onboarding sequences",
          "Context-aware step progression",
          "Progress persistence",
          "Completion tracking",
          "Personalized content"
        ]
      },
      {
        "name": "Support Bot",
        "file": "src/support_bot.py",
        "description": "RAG-based documentation answerer",
        "status": "IMPLEMENTED",
        "features": [
          "RAG knowledge base",
          "Document search and retrieval",
          "Confidence scoring",
          "Response generation",
          "Feedback integration"
        ]
      },
      {
        "name": "Support Loop",
        "file": "src/support_loop.py",
        "description": "Query -> RAG -> Answer -> Rating -> Update cycle",
        "status": "IMPLEMENTED",
        "features": [
          "Autonomous support processing",
          "Escalation rules",
          "Satisfaction tracking",
          "Knowledge base updates",
          "Queue management"
        ]
      },
      {
        "name": "Retention Engine",
        "file": "src/retention_engine.py",
        "description": "Usage monitoring and churn prevention",
        "status": "IMPLEMENTED",
        "features": [
          "Churn risk assessment",
          "Automated interventions",
          "Usage tracking",
          "Email campaign triggers",
          "Health score monitoring"
        ]
      },
      {
        "name": "Refund Engine",
        "file": "src/refund_engine.py",
        "description": "Automated refund processing",
        "status": "IMPLEMENTED",
        "features": [
          "Policy-based refunds",
          "Auto-approval logic",
          "Usage-based calculations",
          "Audit trail",
          "Manual review queue"
        ]
      },
      {
        "name": "Escalation Engine",
        "file": "src/escalation_engine.py",
        "description": "Automatic escalation when conditions are met",
        "status": "IMPLEMENTED",
        "features": [
          "Multi-entity escalation rules",
          "Fail-2x escalation logic",
          "Notification routing",
          "Priority-based handling",
          "Audit logging"
        ]
      },
      {
        "name": "Phase 07 Admin UI",
        "file": "src/phase07_admin_ui.py",
        "description": "Support Dashboard, User Health Scores, Escalation Queue",
        "status": "IMPLEMENTED",
        "features": [
          "Real-time dashboard",
          "Support queue monitoring",
          "User health tracking",
          "Escalation management",
          "Retention metrics",
          "Refund processing"
        ]
      }
    ],
    "database_schemas": [
      "data/crm.db - User profiles and interactions",
      "data/support_knowledge.db - RAG knowledge base",
      "data/support_loop.db - Support tickets and escalations",
      "data/retention.db - Retention interventions and metrics",
      "data/refunds.db - Refund requests and processing",
      "data/escalation.db - Escalation rules and events"
    ],
    "decision_logic_implemented": [
      "Escalation: Support bot fails 2x -> Flag for Admin Review",
      "Refund: Auto-grant if requested < 3 days and usage < low",
      "Retention: Trigger interventions on inactivity patterns",
      "Health scoring: Dynamic based on usage and engagement",
      "Priority routing: Based on user tier and issue severity"
    ],
    "observability_features": [
      "Full transcript logging for support conversations",
      "Resolution outcome tracking",
      "Retention intervention logging",
      "Refund audit trail",
      "Escalation audit logging",
      "Health score history tracking",
      "Real-time dashboard metrics"
    ]
  },
  "validation_results": {
    "overall_status": "FAIL",
    "test_summary": {
      "total": 3,
      "passed": 1,
      "failed": 1,
      "errors": 1
    },
    "test_results": {
      "test1_onboarding_completion": {
        "status": "PASS",
        "details": "Completion rate: 60.0% (6/10)"
      },
      "test2_support_bot_resolution": {
        "status": "FAIL",
        "details": "Resolution rate too low: 0.0% (required >=80%)"
      },
      "test3_automated_emails": {
        "status": "ERROR",
        "details": "Test error: name 'days_since_creation' is not defined"
      }
    },
    "test_artifacts": {
      "test_users_created": 10,
      "test_tickets_created": 10,
      "test_refunds_created": 0
    },
    "timestamp": "2026-01-11T16:54:54.645530"
  },
  "phase_exit_gate": {
    "all_tests_pass": false,
    "exit_status": "FAILED",
    "requirements_met": [
      "\u2713 Automated onboarding implemented",
      "\u2713 Support bot with RAG interactions",
      "\u2713 Support loop (Query -> RAG -> Answer -> Rating -> Update)",
      "\u2713 Retention engine with automated interventions",
      "\u2713 Refund policy with auto-grant logic",
      "\u2713 Escalation logic (Fail 2x -> Flag for Review)",
      "\u2713 Admin UI with all required surfaces"
    ],
    "validation_gates": {
      "test1_onboarding_completion": "PASS",
      "test2_support_bot_resolution": "FAIL",
      "test3_automated_emails": "ERROR"
    }
  },
  "files_created_modified": [
    "/media/ubuntux/DEVELOPMENT/empire-ai/src/crm_db.py",
    "/media/ubuntux/DEVELOPMENT/empire-ai/src/onboarding_flow.py",
    "/media/ubuntux/DEVELOPMENT/empire-ai/src/support_bot.py",
    "/media/ubuntux/DEVELOPMENT/empire-ai/src/support_loop.py",
    "/media/ubuntux/DEVELOPMENT/empire-ai/src/retention_engine.py",
    "/media/ubuntux/DEVELOPMENT/empire-ai/src/refund_engine.py",
    "/media/ubuntux/DEVELOPMENT/empire-ai/src/escalation_engine.py",
    "/media/ubuntux/DEVELOPMENT/empire-ai/src/phase07_admin_ui.py",
    "/media/ubuntux/DEVELOPMENT/empire-ai/tests/test_phase07_validation.py",
    "/media/ubuntux/DEVELOPMENT/empire-ai/PHASE07_EXECUTION_REPORT.py"
  ],
  "execution_timestamp": "2026-01-11T16:54:54.645823"
}