{
  "factory_defaults": {
    "version": "1.0",
    "created_at": "2026-01-15T00:00:00Z",
    "asset_types": {
      "content_site": {
        "name": "Programmatic Content Site",
        "description": "SEO-optimized content site with affiliate links",
        "max_pages": 20,
        "min_pages": 3,
        "required_affiliate_links": 3,
        "max_size_mb": 10,
        "template": "content_site_v1"
      },
      "affiliate_landing_page": {
        "name": "Affiliate Landing Page",
        "description": "Single-page landing page for product/offer",
        "max_variants": 5,
        "min_variants": 1,
        "max_size_mb": 2,
        "template": "landing_page_v1"
      },
      "micro_tool": {
        "name": "Micro-Tool",
        "description": "Client-side utility tool",
        "max_size_mb": 1,
        "response_time_ms_max": 100,
        "template": "micro_tool_v1"
      }
    },
    "build_requirements": {
      "test_pass_rate_required": 1.0,
      "sast_critical_threshold": 0,
      "sast_high_threshold": 0,
      "compliance_required": true,
      "health_score_threshold": 0.95
    },
    "monetization_rules": {
      "one_path_per_asset": true,
      "allowed_paths": ["affiliate_links", "lead_capture", "embedded_recommendations"],
      "affiliate_disclosure_required": true,
      "max_affiliate_density": "1_per_200_words"
    },
    "deployment": {
      "staging_path": "/staging/assets",
      "health_checks": [
        "http_status",
        "css_rendering",
        "javascript_execution",
        "link_validity",
        "page_load_time",
        "mobile_responsive"
      ]
    }
  },
  "asset_templates": {
    "content_site": {
      "outline_template": {
        "index": {
          "type": "landing_page",
          "sections": ["hero", "value_prop", "top_picks", "cta"]
        },
        "guide": {
          "type": "content_page",
          "sections": ["introduction", "main_content", "affiliate_links", "conclusion"]
        },
        "comparison": {
          "type": "comparison_page",
          "sections": ["overview", "comparison_table", "recommendations", "affiliate_links"]
        },
        "reviews": {
          "type": "review_page",
          "sections": ["reviews_summary", "detailed_reviews", "ratings", "affiliate_links"]
        }
      },
      "seo_settings": {
        "title_length_max": 60,
        "meta_description_length_max": 160,
        "h1_per_page": 1,
        "h2_per_page_max": 10,
        "image_alt_required": true
      }
    },
    "affiliate_landing_page": {
      "sections": [
        "hero_section",
        "benefits_list",
        "social_proof",
        "pricing_info",
        "testimonials",
        "final_cta"
      ],
      "cta_variants": [
        "Get Started Free",
        "Learn More",
        "Sign Up Now",
        "Get Instant Access",
        "Start Your Trial"
      ]
    },
    "micro_tool": {
      "types": [
        "calculator",
        "converter",
        "validator",
        "comparison",
        "checker"
      ],
      "ui_components": [
        "input_fields",
        "calculate_button",
        "results_display",
        "reset_button",
        "recommendations"
      ]
    }
  }
}
