{
  "governance": {
    "default_deny": true,
    "kill_switch_engaged": false,
    "emergency_stop_active": false
  },
  "agents": {
    "scout": {
      "id": "scout",
      "name": "Opportunity Scout",
      "enabled": true,
      "permissions": ["fetch_url", "query_db", "create_asset"],
      "budget": {
        "resource_type": "api_calls",
        "limit": 1000,
        "period": "day",
        "current_used": 0,
        "reset_timestamp": "2026-01-16T00:00:00Z",
        "escalation_threshold": 0.8
      },
      "description": "Scouts for market opportunities"
    },
    "builder": {
      "id": "builder",
      "name": "Asset Builder",
      "enabled": true,
      "permissions": ["deploy", "create_asset", "query_db"],
      "budget": {
        "resource_type": "deployments",
        "limit": 5,
        "period": "day",
        "current_used": 0,
        "reset_timestamp": "2026-01-16T00:00:00Z",
        "escalation_threshold": 0.8
      },
      "description": "Builds and deploys assets"
    },
    "writer": {
      "id": "writer",
      "name": "Content Writer",
      "enabled": true,
      "permissions": ["create_asset", "fetch_url"],
      "budget": {
        "resource_type": "assets_created",
        "limit": 10,
        "period": "day",
        "current_used": 0,
        "reset_timestamp": "2026-01-16T00:00:00Z",
        "escalation_threshold": 0.8
      },
      "description": "Creates content assets"
    }
  },
  "policies": {
    "budget_enforcement": {
      "id": "budget_enforcement",
      "name": "Budget Limit Enforcement",
      "rule": "budget_used >= limit",
      "decision": "DENY",
      "priority": 100,
      "enabled": true,
      "reasoning": "Prevents overspending of allocated budgets",
      "created_at": "2026-01-15T00:00:00Z",
      "version": 1
    },
    "permission_check": {
      "id": "permission_check",
      "name": "Permission Validation",
      "rule": "action not in permissions",
      "decision": "DENY",
      "priority": 90,
      "enabled": true,
      "reasoning": "Ensures agents only perform authorized actions",
      "created_at": "2026-01-15T00:00:00Z",
      "version": 1
    },
    "agent_validation": {
      "id": "agent_validation",
      "name": "Agent Status Check",
      "rule": "agent_enabled == false",
      "decision": "DENY",
      "priority": 80,
      "enabled": true,
      "reasoning": "Prevents disabled agents from acting",
      "created_at": "2026-01-15T00:00:00Z",
      "version": 1
    },
    "owner_override": {
      "id": "owner_override",
      "name": "Owner Override",
      "rule": "actor == 'owner'",
      "decision": "APPROVE",
      "priority": 1000,
      "enabled": true,
      "reasoning": "Owner has full system control",
      "created_at": "2026-01-15T00:00:00Z",
      "version": 1
    }
  },
  "runtime": {
    "max_concurrent_jobs": 10,
    "default_timeout_seconds": 300,
    "retry_policy": {
      "max_attempts": 3,
      "backoff_type": "exponential",
      "backoff_seconds": 1,
      "max_backoff_seconds": 30
    },
    "job_queue_size_limit": 1000
  },
  "audit": {
    "retention_days": 90,
    "archive_threshold": 10000,
    "integrity_check_interval_hours": 24
  },
  "system": {
    "environment": "development",
    "log_level": "INFO",
    "metrics_enabled": true,
    "debug_mode": false
  }
}
