{
  "phase": 5,
  "effective_date": "2026-01-15",
  "revenue_attribution": {
    "deduplication_window_days": 7,
    "max_retries": 3,
    "default_currency": "USD"
  },
  "cost_attribution": {
    "cost_model_file": "config/cost_model.json",
    "overhead_allocation_method": "revenue_weighted",
    "min_asset_allocation": 10000,
    "platform_overhead_max_percent": 20
  },
  "allocation_policy": {
    "policy_file": "config/allocation_policy_v1.json",
    "review_interval_days": 30,
    "next_review": "2026-02-15"
  },
  "budget_enforcement": {
    "freeze_duration_days": 7,
    "health_check_interval_minutes": 60,
    "emergency_stop_triggers": [
      "ledger_corruption",
      "calculation_overflow",
      "margin_goes_negative"
    ]
  },
  "safety": {
    "conservative_cost_multiplier": 2.0,
    "reconciliation_threshold_percent": 5.0,
    "audit_log_retention_days": 365
  },
  "daemon": {
    "daily_cycle_hour": 2,
    "monthly_report_day": 1,
    "enable_daily_cycle": true,
    "enable_health_checks": true,
    "enable_monthly_reports": true
  }
}
