{
  "type": "network_failure",
  "description": "Simulated network failure for API endpoints",
  "expectedBehavior": "Specific error messages with correlation IDs",
  "actualBehavior": "Captured network errors and console logs",
  "evidence": {
    "step": "network-failure",
    "timestamp": "2026-01-18T10-20-19-211Z",
    "testContext": "network_failure_test",
    "failureData": {
      "type": "network_failure",
      "description": "Simulated network failure for API endpoints",
      "expectedBehavior": "Specific error messages with correlation IDs",
      "actualBehavior": "Captured network errors and console logs"
    },
    "screenshot": "/home/lin/Documents/empire-ai/evidence/phase-v4/screenshots/network-failure-2026-01-18T10-20-19-211Z.png",
    "consoleLogs": [],
    "networkRequests": [
      {
        "type": "request",
        "url": "/api/test",
        "method": "GET",
        "timestamp": 1768731617206
      },
      {
        "type": "request",
        "url": "/api/assets",
        "method": "GET",
        "timestamp": 1768731617207
      },
      {
        "type": "network_error",
        "url": "/api/test",
        "error": "Failed to fetch",
        "timestamp": 1768731617223
      },
      {
        "type": "network_error",
        "url": "/api/assets",
        "error": "Failed to fetch",
        "timestamp": 1768731617224
      }
    ],
    "errorLogs": [
      {
        "type": "network_failure",
        "url": "/api/test",
        "error": "Failed to fetch",
        "timestamp": 1768731617223
      },
      {
        "type": "console_error",
        "message": "Network failure simulated: TypeError: Failed to fetch",
        "timestamp": 1768731617223,
        "stack": "Error\n    at console.error (<anonymous>:13:28)\n    at pptr:evaluate;PhaseV4ObservabilityCheck.testNetworkFailure%20(%2Fhome%2Flin%2FDocuments%2Fempire-ai%2Ftests%2Fbrowser%2Fv4_observability_check.js%3A284%3A24):3:55"
      },
      {
        "type": "network_failure",
        "url": "/api/assets",
        "error": "Failed to fetch",
        "timestamp": 1768731617224
      },
      {
        "type": "console_error",
        "message": "Network failure simulated: TypeError: Failed to fetch",
        "timestamp": 1768731617224,
        "stack": "Error\n    at console.error (<anonymous>:13:28)\n    at pptr:evaluate;PhaseV4ObservabilityCheck.testNetworkFailure%20(%2Fhome%2Flin%2FDocuments%2Fempire-ai%2Ftests%2Fbrowser%2Fv4_observability_check.js%3A284%3A24):4:57"
      }
    ],
    "failureEvidence": {
      "url": "http://localhost:5173/public/index.html",
      "title": "EmpireAI - Admin Control Plane",
      "visibleErrors": [
        {
          "text": "",
          "className": {},
          "id": ""
        }
      ],
      "errorElements": [],
      "toastNotifications": [],
      "modalDialogs": []
    }
  },
  "timestamp": "2026-01-18T10:20:19.421Z",
  "correlationId": "corr_1768731619421_mw7v8dpg0",
  "actorId": "phase-v4-observability-check"
}