{
  "type": "database_timeout",
  "description": "Simulated database timeout for API operations",
  "expectedBehavior": "Timeout error with trace_id and actor_id",
  "actualBehavior": "Captured timeout errors and response times",
  "evidence": {
    "step": "database-timeout",
    "timestamp": "2026-01-18T10-20-25-154Z",
    "testContext": "database_timeout_test",
    "failureData": {
      "type": "database_timeout",
      "description": "Simulated database timeout for API operations",
      "expectedBehavior": "Timeout error with trace_id and actor_id",
      "actualBehavior": "Captured timeout errors and response times"
    },
    "screenshot": "/home/lin/Documents/empire-ai/evidence/phase-v4/screenshots/database-timeout-2026-01-18T10-20-25-154Z.png",
    "consoleLogs": [],
    "networkRequests": [
      {
        "type": "request",
        "url": "/api/database/query",
        "method": "POST",
        "timestamp": 1768731620151
      },
      {
        "type": "network_error",
        "url": "/api/database/query",
        "error": "Failed to fetch",
        "timestamp": 1768731620256
      }
    ],
    "errorLogs": [
      {
        "type": "network_failure",
        "url": "/api/database/query",
        "error": "Failed to fetch",
        "timestamp": 1768731620256
      },
      {
        "type": "console_error",
        "message": "Database timeout simulated: TypeError: Failed to fetch",
        "timestamp": 1768731620256,
        "stack": "Error\n    at console.error (<anonymous>:13:28)\n    at pptr:evaluate;PhaseV4ObservabilityCheck.testDatabaseTimeout%20(%2Fhome%2Flin%2FDocuments%2Fempire-ai%2Ftests%2Fbrowser%2Fv4_observability_check.js%3A354%3A24):6:39"
      }
    ],
    "failureEvidence": {
      "url": "http://localhost:5173/public/index.html",
      "title": "EmpireAI - Admin Control Plane",
      "visibleErrors": [
        {
          "text": "",
          "className": {},
          "id": ""
        }
      ],
      "errorElements": [],
      "toastNotifications": [],
      "modalDialogs": []
    }
  },
  "timestamp": "2026-01-18T10:20:25.384Z",
  "correlationId": "corr_1768731625384_7rpsfzfol",
  "actorId": "phase-v4-observability-check"
}