{
  "type": "policy_deny",
  "description": "Simulated policy denial for admin operations",
  "expectedBehavior": "403 response with trace_id and actor_id",
  "actualBehavior": "Captured policy denial responses",
  "evidence": {
    "step": "policy-deny",
    "timestamp": "2026-01-18T10-20-54-101Z",
    "testContext": "policy_deny_test",
    "failureData": {
      "type": "policy_deny",
      "description": "Simulated policy denial for admin operations",
      "expectedBehavior": "403 response with trace_id and actor_id",
      "actualBehavior": "Captured policy denial responses"
    },
    "screenshot": "/home/lin/Documents/empire-ai/evidence/phase-v4/screenshots/policy-deny-2026-01-18T10-20-54-101Z.png",
    "consoleLogs": [],
    "networkRequests": [
      {
        "type": "request",
        "url": "/api/admin/users",
        "method": "GET",
        "timestamp": 1768731652098
      }
    ],
    "errorLogs": [
      {
        "type": "console_error",
        "message": "Policy deny simulated: Error: Policy denial: 403",
        "timestamp": 1768731652101,
        "stack": "Error\n    at console.error (<anonymous>:13:28)\n    at pptr:evaluate;PhaseV4ObservabilityCheck.testPolicyDeny%20(%2Fhome%2Flin%2FDocuments%2Fempire-ai%2Ftests%2Fbrowser%2Fv4_observability_check.js%3A422%3A24):9:41"
      }
    ],
    "failureEvidence": {
      "url": "http://localhost:5173/public/index.html",
      "title": "EmpireAI - Admin Control Plane",
      "visibleErrors": [
        {
          "text": "",
          "className": {},
          "id": ""
        }
      ],
      "errorElements": [],
      "toastNotifications": [],
      "modalDialogs": []
    }
  },
  "timestamp": "2026-01-18T10:20:54.289Z",
  "correlationId": "corr_1768731654289_78j3sqh49",
  "actorId": "phase-v4-observability-check"
}