{
  "step": "initial-state",
  "timestamp": "2026-01-18T10-09-55-732Z",
  "screenshot": "/home/lin/Documents/empire-ai/evidence/phase-v2/screenshots/initial-state-2026-01-18T10-09-55-732Z.png",
  "domSnapshot": {
    "url": "http://localhost:5173/public/index.html",
    "title": "EmpireAI - Admin Control Plane",
    "timestamp": "2026-01-18T10:09:55.969Z",
    "visibleText": "HIVEMIND\nSYSTEM ONLINE // ATLAS CORE\nOPERATOR\nQUEEN_PROXY_01\nTOTAL NECTAR\n$843,357\nCOLLAPSE\nSURVEILLANCE\nHive Mind\nOVERSEER\nComb Health\nWORKER\nPheromones\nDRONE\nGenetic Memory\nARCHIVIST\nSignals\nSCOUT\nThreats\nSOLDIER\nQueen's Law\nROYAL GUARD\nHIVE INTEGRITY\n98.2%\nHIVE\n/\nCORE\n/\nMAP\n11:09:55 PM\nACTIVE SECTOR: 7G\nCELLS: 65\nSCALING: 6\nPHEROMONE LOG\n11:09:55 PM\nCOLONY: New cell constructed in Sector 4\n11:09:55 PM\nQUEEN: Allocating resources to scaling cells\n11:09:55 PM\nCYCLE: Winter protocol disengaged. Expansion active.\n11:09:55 PM\nCYCLE: Winter protocol disengaged. Expansion active.\n11:09:55 PM\nDECAY: Pruning dead cells to conserve energy\n11:09:55 PM\nQUEEN: Allocating resources to scaling cells\n11:09:55 PM\nCYCLE: Winter protocol disengaged. Expansion active.\n11:09:55 PM\nCOLONY: New cell constructed in Sector 4\n11:09:55 PM\nQUEEN: Allocating resources to scaling cells\n11:09:55 PM\nTHREAT: Foreign entity detected near perimeter\n11:09:55 PM\nHARVEST: Massive nectar inflow from Asset #882\n11:09:55 PM\nCYCLE: Winter protocol disengaged. Expansion active.\n11:09:55 PM\nDECAY: Pruning dead cells to conserve energy",
    "buttons": [
      {
        "text": "COLLAPSE",
        "disabled": false,
        "visible": true
      },
      {
        "text": "Hive MindOverseer",
        "disabled": false,
        "visible": true
      },
      {
        "text": "Comb HealthWorker",
        "disabled": false,
        "visible": true
      },
      {
        "text": "PheromonesDrone",
        "disabled": false,
        "visible": true
      },
      {
        "text": "Genetic MemoryArchivist",
        "disabled": false,
        "visible": true
      },
      {
        "text": "SignalsScout",
        "disabled": false,
        "visible": true
      },
      {
        "text": "ThreatsSoldier",
        "disabled": false,
        "visible": true
      },
      {
        "text": "Queen's LawRoyal Guard",
        "disabled": false,
        "visible": true
      }
    ],
    "forms": []
  },
  "networkRequests": [
    {
      "type": "request",
      "url": "http://localhost:5173/public/index.html",
      "method": "GET",
      "timestamp": 1768730991915
    },
    {
      "type": "response",
      "url": "http://localhost:5173/public/index.html",
      "status": 200,
      "timestamp": 1768730991926
    },
    {
      "type": "request",
      "url": "http://localhost:5173/assets/main-c95ecf0c.js",
      "method": "GET",
      "timestamp": 1768730991947
    },
    {
      "type": "request",
      "url": "http://localhost:5173/assets/index-0f0b8e13.js",
      "method": "GET",
      "timestamp": 1768730991949
    },
    {
      "type": "request",
      "url": "http://localhost:5173/assets/index-993277be.css",
      "method": "GET",
      "timestamp": 1768730991949
    },
    {
      "type": "response",
      "url": "http://localhost:5173/assets/main-c95ecf0c.js",
      "status": 200,
      "timestamp": 1768730991958
    },
    {
      "type": "response",
      "url": "http://localhost:5173/assets/index-993277be.css",
      "status": 200,
      "timestamp": 1768730991965
    },
    {
      "type": "response",
      "url": "http://localhost:5173/assets/index-0f0b8e13.js",
      "status": 200,
      "timestamp": 1768730991969
    },
    {
      "type": "request",
      "url": "http://localhost:5173/vite.svg",
      "method": "GET",
      "timestamp": 1768730992129
    },
    {
      "type": "response",
      "url": "http://localhost:5173/vite.svg",
      "status": 404,
      "timestamp": 1768730992134
    }
  ]
}