{
  "step": "initial-state",
  "timestamp": "2026-01-20T15-55-02-088Z",
  "screenshot": "/home/lin/Documents/empire-ai/evidence/phase-v2/screenshots/initial-state-2026-01-20T15-55-02-088Z.png",
  "domSnapshot": {
    "url": "http://localhost:5173/public/index.html",
    "title": "EmpireAI - Admin Control Plane",
    "timestamp": "2026-01-20T15:55:02.347Z",
    "visibleText": "",
    "buttons": [],
    "forms": []
  },
  "networkRequests": [
    {
      "type": "request",
      "url": "http://localhost:8000/api/v1/auth/verify",
      "method": "OPTIONS",
      "timestamp": 1768924498541
    },
    {
      "type": "request",
      "url": "http://localhost:8000/api/v1/auth/verify",
      "method": "OPTIONS",
      "timestamp": 1768924498546
    },
    {
      "type": "request",
      "url": "http://localhost:5173/vite.svg",
      "method": "GET",
      "timestamp": 1768924498547
    },
    {
      "type": "response",
      "url": "http://localhost:8000/api/v1/auth/verify",
      "status": 200,
      "timestamp": 1768924498552
    },
    {
      "type": "request",
      "url": "http://localhost:8000/api/v1/auth/verify",
      "method": "GET",
      "timestamp": 1768924498553
    },
    {
      "type": "response",
      "url": "http://localhost:8000/api/v1/auth/verify",
      "status": 200,
      "timestamp": 1768924498558
    },
    {
      "type": "request",
      "url": "http://localhost:8000/api/v1/auth/verify",
      "method": "GET",
      "timestamp": 1768924498564
    },
    {
      "type": "response",
      "url": "http://localhost:5173/vite.svg",
      "status": 404,
      "timestamp": 1768924498564
    },
    {
      "type": "response",
      "url": "http://localhost:8000/api/v1/auth/verify",
      "status": 404,
      "timestamp": 1768924498572
    },
    {
      "type": "response",
      "url": "http://localhost:8000/api/v1/auth/verify",
      "status": 404,
      "timestamp": 1768924498577
    }
  ]
}