{
  "step": "initial-state",
  "timestamp": "2026-01-20T15-45-40-741Z",
  "screenshot": "/home/lin/Documents/empire-ai/evidence/phase-v2/screenshots/initial-state-2026-01-20T15-45-40-741Z.png",
  "domSnapshot": {
    "url": "http://localhost:5173/public/index.html",
    "title": "EmpireAI - Admin Control Plane",
    "timestamp": "2026-01-20T15:45:41.012Z",
    "visibleText": "",
    "buttons": [],
    "forms": []
  },
  "networkRequests": [
    {
      "type": "request",
      "url": "http://localhost:8000/api/v1/auth/verify",
      "method": "OPTIONS",
      "timestamp": 1768923937112
    },
    {
      "type": "request",
      "url": "http://localhost:8000/api/v1/auth/verify",
      "method": "OPTIONS",
      "timestamp": 1768923937125
    },
    {
      "type": "request",
      "url": "http://localhost:5173/vite.svg",
      "method": "GET",
      "timestamp": 1768923937135
    },
    {
      "type": "response",
      "url": "http://localhost:8000/api/v1/auth/verify",
      "status": 200,
      "timestamp": 1768923937137
    },
    {
      "type": "request",
      "url": "http://localhost:8000/api/v1/auth/verify",
      "method": "GET",
      "timestamp": 1768923937139
    },
    {
      "type": "response",
      "url": "http://localhost:8000/api/v1/auth/verify",
      "status": 200,
      "timestamp": 1768923937141
    },
    {
      "type": "request",
      "url": "http://localhost:8000/api/v1/auth/verify",
      "method": "GET",
      "timestamp": 1768923937148
    },
    {
      "type": "response",
      "url": "http://localhost:5173/vite.svg",
      "status": 404,
      "timestamp": 1768923937149
    },
    {
      "type": "response",
      "url": "http://localhost:8000/api/v1/auth/verify",
      "status": 404,
      "timestamp": 1768923937156
    },
    {
      "type": "response",
      "url": "http://localhost:8000/api/v1/auth/verify",
      "status": 404,
      "timestamp": 1768923937166
    }
  ]
}