{
  "deployment_id": "deploy_20260130_174306",
  "asset_id": "test_asset",
  "environment": "staging",
  "deployed_at": "2026-01-30T17:43:06.415190Z",
  "deploy_path": "/tmp/tmp0qezrzpb/staging/test_asset",
  "url": "http://localhost:8080/assets/test_asset/",
  "health_checks": {
    "file_integrity": {
      "status": "fail",
      "missing_files": [
        "index.html",
        "styles/ (empty)",
        "scripts/ (empty)",
        "images/ (empty)"
      ],
      "details": "Found 3 files"
    },
    "http_status": {
      "status": "pass",
      "http_code": 200,
      "response_time_ms": 100.0
    },
    "css_rendering": {
      "status": "fail",
      "error": "HTTPConnectionPool(host='localhost', port=8080): Max retries exceeded with url: /assets/test_asset/styles/site.css (Caused by NewConnectionError(\"HTTPConnection(host='localhost', port=8080): Failed to establish a new connection: [Errno 111] Connection refused\"))"
    },
    "javascript_execution": {
      "status": "fail",
      "error": "HTTPConnectionPool(host='localhost', port=8080): Max retries exceeded with url: /assets/test_asset/scripts/analytics.js (Caused by NewConnectionError(\"HTTPConnection(host='localhost', port=8080): Failed to establish a new connection: [Errno 111] Connection refused\"))"
    },
    "link_validity": {
      "status": "fail",
      "error": "expected string or bytes-like object, got 'MagicMock'"
    },
    "page_load_time": {
      "status": "pass",
      "load_time_ms": 0.034809112548828125,
      "size_bytes": 0,
      "threshold_ms": 2000
    },
    "mobile_responsive": {
      "status": "fail",
      "responsive_indicators": 0,
      "flexible_units": false,
      "details": "Found 0 responsive indicators"
    },
    "overall_health": 0.2857142857142857
  },
  "overall_health": 0.2857142857142857,
  "status": "unhealthy"
}