{
  "audit_metadata": {
    "audit_id": "ATLAS_ENTERPRISE_E2E_FORENSIC_AUDIT_20260121",
    "date": "2026-01-21",
    "auditor": "AMP (Automated Auditor/Verifier)",
    "mode": "READ-ONLY · MCP-ENFORCED",
    "certification_status": "FAIL",
    "evidence_level": "FORENSIC"
  },
  "violations": {
    "critical": [
      {
        "id": "VIO-001",
        "title": "Hardcoded Mock Data in ReportsView Component",
        "severity": "CRITICAL",
        "type": "Mock Implementation",
        "files": ["src/admin_ui_frontend/src/ui/views/ReportsView.tsx"],
        "lines": [31, 37],
        "evidence": "setReports([{id: 'RPT-2204', name: 'Q1 Reality Integrity Audit', date: '2024-04-01', ...}])",
        "impact": "UI renders cosmetic reports instead of real audit history",
        "production_status": true,
        "bundled": true,
        "bundle_evidence": "dist/assets/ReportsView-e304e81a.js contains hardcoded array"
      },
      {
        "id": "VIO-002",
        "title": "Hardcoded Mock Data in TrafficView Component",
        "severity": "CRITICAL",
        "type": "Mock Implementation",
        "files": ["src/admin_ui_frontend/src/ui/views/TrafficView.tsx"],
        "lines": [33, 44],
        "evidence": "setSources([{id: 'SRC-01', name: 'Google Organic', volume: '12.4k', ...}]), setThreats([...])",
        "impact": "UI renders fake traffic sources and threats instead of real data",
        "production_status": true,
        "bundled": true
      },
      {
        "id": "VIO-003",
        "title": "Hardcoded Mock Data in GrowthView Component",
        "severity": "CRITICAL",
        "type": "Mock Implementation",
        "files": ["src/admin_ui_frontend/src/ui/views/GrowthView.tsx"],
        "lines": [34, 36],
        "evidence": "// Mocking sector breakdown ... setSectors([]), setOpportunities([])",
        "impact": "UI renders empty mock state instead of real growth data",
        "production_status": true,
        "bundled": true
      }
    ],
    "high": [
      {
        "id": "VIO-004",
        "title": "Mock Implementation in writer_agent.py",
        "severity": "HIGH",
        "type": "Mock Implementation",
        "files": ["src/agents/writer_agent.py"],
        "lines": [443, 535],
        "evidence": "# Store draft (mock storage), # Mock sentiment analysis",
        "impact": "Agent logic uses incomplete/mock implementations",
        "production_status": true
      },
      {
        "id": "VIO-005",
        "title": "Mock Implementation in verifier_agent.py",
        "severity": "HIGH",
        "type": "Mock Implementation",
        "files": ["src/agents/verifier_agent.py"],
        "lines": [538],
        "evidence": "# Mock verification - in real system would check external sources",
        "impact": "Verification logic incomplete in production",
        "production_status": true
      },
      {
        "id": "VIO-006",
        "title": "Mock Implementation in growth_agent.py",
        "severity": "HIGH",
        "type": "Mock Implementation",
        "files": ["src/agents/growth_agent.py"],
        "lines": [334],
        "evidence": "ExperimentStatus.COMPLETED.value, # Mock completed",
        "impact": "Experiments artificially marked as completed",
        "production_status": true
      },
      {
        "id": "VIO-007",
        "title": "Mock Implementations in compliance_agent.py",
        "severity": "HIGH",
        "type": "Mock Implementation",
        "files": ["src/agents/compliance_agent.py"],
        "lines": [498, 509, 513],
        "evidence": "# Mock: only privacy_policy exists, # Mock: missing incident response",
        "impact": "Compliance checks are synthetic, not real",
        "production_status": true
      },
      {
        "id": "VIO-008",
        "title": "Mock Implementation in health_monitor.py",
        "severity": "HIGH",
        "type": "Mock Implementation",
        "files": ["src/distributed/health_monitor.py"],
        "lines": [183],
        "evidence": "# Mock job counts (would query database)",
        "impact": "Health monitoring does not reflect real state",
        "production_status": true
      },
      {
        "id": "VIO-009",
        "title": "Bypass Environment Variable: FORCE_LIVE_MODE",
        "severity": "HIGH",
        "type": "Bypass Mechanism",
        "files": ["src/core/growth/runtime_gating.py"],
        "lines": [61, 82, 86],
        "evidence": "if self.env_force_live_mode: return True, 'Environment override: FORCE_LIVE_MODE=true'",
        "impact": "Single environment variable bypasses all permission checks",
        "production_status": "code exists; currently not set in .env",
        "violation_type": "Bypass not restricted to dev environment"
      }
    ]
  },
  "audit_phases": {
    "phase_a1_static_scan": {
      "status": "COMPLETE",
      "result": "FAIL",
      "findings": 9,
      "summary": "Found 3 critical hardcoded mock data instances in compiled bundle, 6 mock implementations in agent code, 1 bypass mechanism in source"
    },
    "phase_a2_runtime_observation": {
      "status": "COMPLETE",
      "result": "PARTIAL",
      "system_status": "RUNNING",
      "summary": "Backend API running on https://localhost:3000, Keycloak running on http://localhost:8080, Frontend accessible",
      "api_tests": {
        "unauthenticated_request": {
          "endpoint": "GET /api/assets",
          "expected": "401 Unauthorized",
          "actual": "401 Not authenticated",
          "result": "PASS"
        },
        "https_enforcement": {
          "endpoint": "http://localhost:3000/",
          "expected": "HTTPS redirect or error",
          "actual": "400 Bad Request (HTTP to HTTPS port)",
          "result": "PASS"
        }
      }
    },
    "phase_a3_browser_truth_test": {
      "status": "BLOCKED",
      "result": "CANNOT_EXECUTE",
      "reason": "Playwright browser binaries not installed",
      "prerequisite_command": "npx playwright install",
      "note": "E2E test suites exist and are properly configured, but browser execution failed"
    },
    "phase_a4_evidence_correlation": {
      "status": "PARTIAL",
      "result": "INCOMPLETE",
      "reason": "Cannot complete without E2E test execution",
      "collected_evidence": "Static analysis + runtime API tests + bundle inspection",
      "missing_evidence": "UI rendering behavior with/without auth, button click side effects, live metric updates"
    }
  },
  "zero_mock_reality_law_assessment": {
    "law": "§0.1: No mock/stub/fake/demo data anywhere in production paths",
    "status": "VIOLATED",
    "violations": {
      "ui_components": 3,
      "agent_implementations": 6,
      "bypass_mechanisms": 1
    },
    "certification": "FAIL"
  },
  "authentication_enforcement_assessment": {
    "law": "§6.0: Authentication enforced server-side",
    "status": "PASS",
    "evidence": "API returns 401 for unauthenticated requests",
    "note": "Authentication mechanism works, but mock UI data undermines effectiveness"
  },
  "authorization_assessment": {
    "law": "Authorization is real, not cosmetic",
    "status": "INCONCLUSIVE",
    "reason": "UI renders mock data regardless of authentication state",
    "note": "Cannot determine if authorization is real because UI cosmetics may hide it"
  },
  "hive_ui_assessment": {
    "law": "Hive UI renders live backend data",
    "status": "FAIL",
    "evidence": "ReportsView, TrafficView, GrowthView render hardcoded mock arrays",
    "conclusion": "Hive UI does NOT render live backend data"
  },
  "button_action_assessment": {
    "law": "Every UI button triggers real backend state change",
    "status": "CANNOT_VERIFY",
    "reason": "Mock data in UI suggests no real integration",
    "note": "Button clicks likely do not trigger backend changes due to disconnected data sources"
  },
  "system_readiness": {
    "build_successful": true,
    "docker_containers_running": 6,
    "api_responding": true,
    "authentication_working": true,
    "mock_data_present": true,
    "production_ready": false
  },
  "recommendation": {
    "action": "DO NOT DEPLOY TO PRODUCTION",
    "reason": "Multiple critical mock data implementations violate Zero-Mock Reality Law",
    "remediation_priority": [
      "1. Remove hardcoded mock data from ReportsView.tsx",
      "2. Remove hardcoded mock data from TrafficView.tsx",
      "3. Remove hardcoded mock data from GrowthView.tsx",
      "4. Replace mock implementations in agent code with real integrations",
      "5. Remove FORCE_LIVE_MODE bypass environment variable",
      "6. Execute E2E tests to verify real behavior"
    ],
    "estimated_remediation_effort": "4-6 hours for code changes + test execution"
  }
}
