{
  "step": "auth-integration",
  "description": "Authentication integration verified",
  "timestamp": "2026-01-18T10-28-27-945Z",
  "screenshot": "/home/lin/Documents/empire-ai/evidence/phase-v1-integrated/screenshots/auth-integration-2026-01-18T10-28-27-945Z.png",
  "domSnapshot": {
    "url": "http://localhost:5173/public/index.html",
    "title": "EmpireAI - Admin Control Plane",
    "timestamp": "2026-01-18T10:28:28.133Z",
    "visibleText": "HIVEMIND\nSYSTEM ONLINE // ATLAS CORE\nOPERATOR\nQUEEN_PROXY_01\nTOTAL NECTAR\n$844,174\nCOLLAPSE\nSURVEILLANCE\nHive Mind\nOVERSEER\nComb Health\nWORKER\nPheromones\nDRONE\nGenetic Memory\nARCHIVIST\nSignals\nSCOUT\nThreats\nSOLDIER\nQueen's Law\nROYAL GUARD\nHIVE INTEGRITY\n98.2%\nHIVE\n/\nCORE\n/\nMAP\n11:28:28 PM\nACTIVE SECTOR: 7G\nCELLS: 71\nSCALING: 7\nPHEROMONE LOG\n11:28:28 PM\nCYCLE: Winter protocol disengaged. Expansion active.\n11:28:28 PM\nQUEEN: Allocating resources to scaling cells\n11:28:28 PM\nTHREAT: Foreign entity detected near perimeter\n11:28:28 PM\nCYCLE: Winter protocol disengaged. Expansion active.\n11:28:28 PM\nQUEEN: Allocating resources to scaling cells\n11:28:28 PM\nQUEEN: Allocating resources to scaling cells\n11:28:28 PM\nQUEEN: Allocating resources to scaling cells\n11:28:28 PM\nCOLONY: New cell constructed in Sector 4\n11:28:28 PM\nQUEEN: Allocating resources to scaling cells\n11:28:28 PM\nTHREAT: Foreign entity detected near perimeter\n11:28:28 PM\nHARVEST: Massive nectar inflow from Asset #882\n11:28:28 PM\nCYCLE: Winter protocol disengaged. Expansion active.\n11:28:28 PM\nDECAY: Pruning dead cells to conserve energy",
    "elements": {
      "dashboard": "NOT_FOUND",
      "assetList": "NOT_FOUND",
      "metrics": "NOT_FOUND",
      "buttons": [
        {
          "text": "COLLAPSE",
          "disabled": false,
          "visible": true
        },
        {
          "text": "Hive MindOverseer",
          "disabled": false,
          "visible": true
        },
        {
          "text": "Comb HealthWorker",
          "disabled": false,
          "visible": true
        },
        {
          "text": "PheromonesDrone",
          "disabled": false,
          "visible": true
        },
        {
          "text": "Genetic MemoryArchivist",
          "disabled": false,
          "visible": true
        },
        {
          "text": "SignalsScout",
          "disabled": false,
          "visible": true
        },
        {
          "text": "ThreatsSoldier",
          "disabled": false,
          "visible": true
        },
        {
          "text": "Queen's LawRoyal Guard",
          "disabled": false,
          "visible": true
        }
      ]
    }
  },
  "networkEvidence": {
    "requests": [
      {
        "type": "request",
        "url": "http://localhost:5173/public/index.html",
        "method": "GET",
        "timestamp": 1768732103889,
        "headers": {
          "accept-language": "en-US,en;q=0.9",
          "upgrade-insecure-requests": "1",
          "user-agent": "Mozilla/5.0 (X11; Linux x86_64) AppleWebKit/537.36 (KHTML, like Gecko) Chrome/143.0.0.0 Safari/537.36",
          "sec-ch-ua": "\"Chromium\";v=\"143\", \"Not A(Brand\";v=\"24\"",
          "sec-ch-ua-mobile": "?0",
          "sec-ch-ua-platform": "\"Linux\"",
          "accept": "text/html,application/xhtml+xml,application/xml;q=0.9,image/avif,image/webp,image/apng,*/*;q=0.8,application/signed-exchange;v=b3;q=0.7"
        }
      },
      {
        "type": "response",
        "url": "http://localhost:5173/public/index.html",
        "status": 200,
        "statusText": "OK",
        "timestamp": 1768732103899,
        "headers": {
          "content-length": "643",
          "content-type": "text/html",
          "date": "Sun, 18 Jan 2026 10:28:23 GMT",
          "last-modified": "Sun, 18 Jan 2026 10:00:44 GMT",
          "server": "SimpleHTTP/0.6 Python/3.13.7"
        }
      },
      {
        "type": "request",
        "url": "http://localhost:5173/assets/main-c95ecf0c.js",
        "method": "GET",
        "timestamp": 1768732103921,
        "headers": {
          "origin": "http://localhost:5173",
          "sec-ch-ua-platform": "\"Linux\"",
          "referer": "http://localhost:5173/public/index.html",
          "accept-language": "en-US,en;q=0.9",
          "sec-ch-ua": "\"Chromium\";v=\"143\", \"Not A(Brand\";v=\"24\"",
          "user-agent": "Mozilla/5.0 (X11; Linux x86_64) AppleWebKit/537.36 (KHTML, like Gecko) Chrome/143.0.0.0 Safari/537.36",
          "sec-ch-ua-mobile": "?0",
          "accept": "*/*"
        }
      },
      {
        "type": "request",
        "url": "http://localhost:5173/assets/index-0f0b8e13.js",
        "method": "GET",
        "timestamp": 1768732103922,
        "headers": {
          "origin": "http://localhost:5173",
          "sec-ch-ua-platform": "\"Linux\"",
          "referer": "http://localhost:5173/public/index.html",
          "accept-language": "en-US,en;q=0.9",
          "sec-ch-ua": "\"Chromium\";v=\"143\", \"Not A(Brand\";v=\"24\"",
          "user-agent": "Mozilla/5.0 (X11; Linux x86_64) AppleWebKit/537.36 (KHTML, like Gecko) Chrome/143.0.0.0 Safari/537.36",
          "sec-ch-ua-mobile": "?0",
          "accept": "*/*"
        }
      },
      {
        "type": "request",
        "url": "http://localhost:5173/assets/index-993277be.css",
        "method": "GET",
        "timestamp": 1768732103923,
        "headers": {
          "sec-ch-ua-platform": "\"Linux\"",
          "referer": "http://localhost:5173/public/index.html",
          "accept-language": "en-US,en;q=0.9",
          "sec-ch-ua": "\"Chromium\";v=\"143\", \"Not A(Brand\";v=\"24\"",
          "user-agent": "Mozilla/5.0 (X11; Linux x86_64) AppleWebKit/537.36 (KHTML, like Gecko) Chrome/143.0.0.0 Safari/537.36",
          "sec-ch-ua-mobile": "?0",
          "accept": "text/css,*/*;q=0.1"
        }
      },
      {
        "type": "response",
        "url": "http://localhost:5173/assets/main-c95ecf0c.js",
        "status": 200,
        "statusText": "OK",
        "timestamp": 1768732103933,
        "headers": {
          "content-length": "275",
          "content-type": "text/javascript",
          "date": "Sun, 18 Jan 2026 10:28:23 GMT",
          "last-modified": "Sun, 18 Jan 2026 10:00:44 GMT",
          "server": "SimpleHTTP/0.6 Python/3.13.7"
        }
      },
      {
        "type": "response",
        "url": "http://localhost:5173/assets/index-993277be.css",
        "status": 200,
        "statusText": "OK",
        "timestamp": 1768732103937,
        "headers": {
          "content-length": "45945",
          "content-type": "text/css",
          "date": "Sun, 18 Jan 2026 10:28:23 GMT",
          "last-modified": "Sun, 18 Jan 2026 10:00:44 GMT",
          "server": "SimpleHTTP/0.6 Python/3.13.7"
        }
      },
      {
        "type": "response",
        "url": "http://localhost:5173/assets/index-0f0b8e13.js",
        "status": 200,
        "statusText": "OK",
        "timestamp": 1768732103948,
        "headers": {
          "content-length": "166446",
          "content-type": "text/javascript",
          "date": "Sun, 18 Jan 2026 10:28:23 GMT",
          "last-modified": "Sun, 18 Jan 2026 10:00:44 GMT",
          "server": "SimpleHTTP/0.6 Python/3.13.7"
        }
      },
      {
        "type": "request",
        "url": "http://localhost:5173/vite.svg",
        "method": "GET",
        "timestamp": 1768732104110,
        "headers": {
          "sec-ch-ua-platform": "\"Linux\"",
          "referer": "http://localhost:5173/public/index.html",
          "accept-language": "en-US,en;q=0.9",
          "sec-ch-ua": "\"Chromium\";v=\"143\", \"Not A(Brand\";v=\"24\"",
          "user-agent": "Mozilla/5.0 (X11; Linux x86_64) AppleWebKit/537.36 (KHTML, like Gecko) Chrome/143.0.0.0 Safari/537.36",
          "sec-ch-ua-mobile": "?0",
          "accept": "image/avif,image/webp,image/apng,image/svg+xml,image/*,*/*;q=0.8"
        }
      },
      {
        "type": "response",
        "url": "http://localhost:5173/vite.svg",
        "status": 404,
        "statusText": "File not found",
        "timestamp": 1768732104116,
        "headers": {
          "connection": "close",
          "content-length": "335",
          "content-type": "text/html;charset=utf-8",
          "date": "Sun, 18 Jan 2026 10:28:24 GMT",
          "server": "SimpleHTTP/0.6 Python/3.13.7"
        }
      },
      {
        "type": "request",
        "url": "http://localhost:8000/api/v1/auth/status",
        "method": "GET",
        "timestamp": 1768732107933,
        "headers": {
          "sec-ch-ua-platform": "\"Linux\"",
          "referer": "http://localhost:5173/",
          "accept-language": "en-US,en;q=0.9",
          "sec-ch-ua": "\"Chromium\";v=\"143\", \"Not A(Brand\";v=\"24\"",
          "user-agent": "Mozilla/5.0 (X11; Linux x86_64) AppleWebKit/537.36 (KHTML, like Gecko) Chrome/143.0.0.0 Safari/537.36",
          "sec-ch-ua-mobile": "?0",
          "accept": "*/*"
        }
      },
      {
        "type": "response",
        "url": "http://localhost:8000/api/v1/auth/status",
        "status": 404,
        "statusText": "Not Found",
        "timestamp": 1768732107939,
        "headers": {
          "content-length": "22",
          "content-type": "application/json",
          "date": "Sun, 18 Jan 2026 10:28:27 GMT",
          "server": "uvicorn"
        }
      }
    ],
    "apiCalls": [
      {
        "type": "response",
        "url": "http://localhost:8000/api/v1/auth/status",
        "status": 404,
        "statusText": "Not Found",
        "timestamp": 1768732107939,
        "headers": {
          "content-length": "22",
          "content-type": "application/json",
          "date": "Sun, 18 Jan 2026 10:28:27 GMT",
          "server": "uvicorn"
        }
      }
    ]
  }
}