{
  "clientId": "empire-admin-ui",
  "name": "Empire Admin UI",
  "description": "Admin UI for Empire AI operators - ATLAS v1 compliant",
  "enabled": true,
  "clientAuthenticatorType": "client-secret",
  "secret": "${CLIENT_SECRET_EMPIRE_ADMIN_UI}",
  "redirectUris": [
    "https://admin.empire.local/*",
    "https://localhost:3000/*",
    "http://localhost:3000/*",
    "http://localhost:5173/*"
  ],
  "webOrigins": [
    "https://admin.empire.local",
    "https://localhost:3000",
    "http://localhost:3000",
    "http://localhost:5173"
  ],
  "adminUrl": "",
  "baseUrl": "",
  "surrogateAuthRequired": false,
  "alwaysDisplayInConsole": false,
  "notBefore": 0,
  "bearerOnly": false,
  "consentRequired": false,
  "standardFlowEnabled": true,
  "implicitFlowEnabled": false,
  "directAccessGrantsEnabled": false,
  "serviceAccountsEnabled": false,
  "publicClient": false,
  "frontchannelLogout": true,
  "protocol": "openid-connect",
  "attributes": {
    "saml.assertion.signature": "false",
    "saml.multivalued.roles": "false",
    "saml.force.post.binding": "false",
    "saml.encrypt": "false",
    "saml.server.signature": "false",
    "saml.server.signature.keyinfo.ext": "false",
    "exclude.session.state.from.auth.response": "false",
    "saml_force_name_id_format": "false",
    "saml.client.signature": "false",
    "tls.client.certificate.bound.access.tokens": "false",
    "saml.authnstatement": "false",
    "display.on.consent.screen": "false",
    "saml.onetimeuse.condition": "false",
    "post.logout.redirect.uris": "+",
    "pkce.code.challenge.method": "S256"
  },
  "authenticationFlowBindingOverrides": {
    "browser": "webauthn-first-browser"
  },
  "fullScopeAllowed": true,
  "nodeReRegistrationTimeout": -1,
  "protocolMappers": [
    {
      "name": "operator_id",
      "protocol": "openid-connect",
      "protocolMapper": "oidc-usermodel-attribute-mapper",
      "config": {
        "userinfo.token.claim": "true",
        "multivalued": "false",
        "user.attribute": "operator_id",
        "id.token.claim": "true",
        "access.token.claim": "true",
        "claim.name": "operator_id",
        "jsonType.label": "String"
      }
    },
    {
      "name": "org",
      "protocol": "openid-connect",
      "protocolMapper": "oidc-usermodel-attribute-mapper",
      "config": {
        "userinfo.token.claim": "true",
        "multivalued": "false",
        "user.attribute": "org",
        "id.token.claim": "true",
        "access.token.claim": "true",
        "claim.name": "org",
        "jsonType.label": "String"
      }
    },
    {
      "name": "policy_epoch",
      "protocol": "openid-connect",
      "protocolMapper": "oidc-usermodel-attribute-mapper",
      "config": {
        "userinfo.token.claim": "true",
        "multivalued": "false",
        "user.attribute": "policy_epoch",
        "id.token.claim": "true",
        "access.token.claim": "true",
        "claim.name": "policy_epoch",
        "jsonType.label": "String"
      }
    },
    {
      "name": "role list mapper",
      "protocol": "openid-connect",
      "protocolMapper": "oidc-usermodel-realm-role-mapper",
      "config": {
        "multivalued": "true",
        "userinfo.token.claim": "true",
        "id.token.claim": "true",
        "access.token.claim": "true",
        "claim.name": "role",
        "jsonType.label": "String"
      }
    },
    {
      "name": "audience",
      "protocol": "openid-connect",
      "protocolMapper": "oidc-audience-mapper",
      "config": {
        "included.client.audience": "empire-api",
        "id.token.claim": "false",
        "access.token.claim": "true"
      }
    },
    {
      "name": "device_id",
      "protocol": "openid-connect",
      "protocolMapper": "oidc-usermodel-session-note-mapper",
      "config": {
        "userinfo.token.claim": "true",
        "multivalued": "false",
        "user.session.note": "device_id",
        "id.token.claim": "true",
        "access.token.claim": "true",
        "claim.name": "device_id",
        "jsonType.label": "String"
      }
    },
    {
      "name": "device_verified",
      "protocol": "openid-connect",
      "protocolMapper": "oidc-usermodel-session-note-mapper",
      "config": {
        "userinfo.token.claim": "true",
        "multivalued": "false",
        "user.session.note": "device_verified",
        "id.token.claim": "true",
        "access.token.claim": "true",
        "claim.name": "device_verified",
        "jsonType.label": "Boolean"
      }
    },
    {
      "name": "authn_method",
      "protocol": "openid-connect",
      "protocolMapper": "oidc-usermodel-session-note-mapper",
      "config": {
        "userinfo.token.claim": "true",
        "multivalued": "false",
        "user.session.note": "auth_method",
        "id.token.claim": "true",
        "access.token.claim": "true",
        "claim.name": "authn_method",
        "jsonType.label": "String"
      }
    },
    {
      "name": "risk_flags",
      "protocol": "openid-connect",
      "protocolMapper": "oidc-usermodel-session-note-mapper",
      "config": {
        "userinfo.token.claim": "true",
        "multivalued": "true",
        "user.session.note": "risk_flags",
        "id.token.claim": "true",
        "access.token.claim": "true",
        "claim.name": "risk_flags",
        "jsonType.label": "String"
      }
    },
    {
      "name": "session_id",
      "protocol": "openid-connect",
      "protocolMapper": "oidc-usermodel-session-note-mapper",
      "config": {
        "userinfo.token.claim": "true",
        "multivalued": "false",
        "user.session.note": "session_id",
        "id.token.claim": "true",
        "access.token.claim": "true",
        "claim.name": "session_id",
        "jsonType.label": "String"
      }
    },
    {
      "name": "capabilities",
      "protocol": "openid-connect",
      "protocolMapper": "oidc-usermodel-client-role-mapper",
      "config": {
        "multivalued": "true",
        "userinfo.token.claim": "true",
        "id.token.claim": "true",
        "access.token.claim": "true",
        "claim.name": "capabilities",
        "jsonType.label": "String",
        "client.role": "empire-api"
      }
    }
  ],
  "access": {
    "view": true,
    "configure": true,
    "manage": true
  }
}