{
  "clientId": "empire-api",
  "name": "Empire API",
  "description": "Backend API for Empire AI services",
  "enabled": true,
  "clientAuthenticatorType": "client-secret",
  "secret": "${CLIENT_SECRET_EMPIRE_API}",
  "redirectUris": [],
  "webOrigins": [],
  "adminUrl": "",
  "baseUrl": "",
  "surrogateAuthRequired": false,
  "alwaysDisplayInConsole": false,
  "bearerOnly": true,
  "consentRequired": false,
  "standardFlowEnabled": false,
  "implicitFlowEnabled": false,
  "directAccessGrantsEnabled": false,
  "serviceAccountsEnabled": true,
  "publicClient": false,
  "frontchannelLogout": false,
  "protocol": "openid-connect",
  "attributes": {
    "saml.assertion.signature": "false",
    "saml.multivalued.roles": "false",
    "saml.force.post.binding": "false",
    "saml.encrypt": "false",
    "saml.server.signature": "false",
    "saml.server.signature.keyinfo.ext": "false",
    "exclude.session.state.from.auth.response": "false",
    "saml_force_name_id_format": "false",
    "saml.client.signature": "false",
    "tls.client.certificate.bound.access.tokens": "false",
    "saml.authnstatement": "false",
    "display.on.consent.screen": "false",
    "saml.onetimeuse.condition": "false"
  },
  "authenticationFlowBindingOverrides": {},
  "fullScopeAllowed": false,
  "nodeReRegistrationTimeout": -1,
  "protocolMappers": [
    {
      "name": "audience",
      "protocol": "openid-connect",
      "protocolMapper": "oidc-audience-mapper",
      "config": {
        "included.client.audience": "empire-api",
        "id.token.claim": "false",
        "access.token.claim": "true"
      }
    }
  ],
  "access": {
    "view": true,
    "configure": true,
    "manage": true
  },
  "defaultRoles": [
    "uma_protection"
  ]
}
